timeStamp,elapsed,label,responseCode,responseMessage,threadName,dataType,success,failureMessage,bytes,sentBytes,grpThreads,allThreads,URL,Latency,IdleTime,Connect
1586428884159,98,秒杀请求,200,,线程组 1-21,text,true,,186,252,60,60,http://127.0.0.1:8080/seckillactivity/seckill/651/,98,0,0
1586428884158,99,秒杀请求,200,,线程组 1-16,text,true,,185,252,60,60,http://127.0.0.1:8080/seckillactivity/seckill/651/,99,0,1
1586428884156,111,秒杀请求,200,,线程组 1-4,text,true,,186,252,60,60,http://127.0.0.1:8080/seckillactivity/seckill/651/,111,0,0
1586428884158,110,秒杀请求,200,,线程组 1-19,text,true,,185,252,60,60,http://127.0.0.1:8080/seckillactivity/seckill/651/,110,0,1
1586428884157,112,秒杀请求,200,,线程组 1-12,text,true,,185,252,60,60,http://127.0.0.1:8080/seckillactivity/seckill/651/,112,0,0
1586428884156,123,秒杀请求,200,,线程组 1-6,text,true,,186,252,60,60,http://127.0.0.1:8080/seckillactivity/seckill/651/,123,0,1
1586428884156,131,秒杀请求,200,,线程组 1-1,text,true,,186,252,60,60,http://127.0.0.1:8080/seckillactivity/seckill/651/,131,0,0
1586428884157,132,秒杀请求,200,,线程组 1-11,text,true,,185,252,60,60,http://127.0.0.1:8080/seckillactivity/seckill/651/,132,0,0
1586428884156,143,秒杀请求,200,,线程组 1-8,text,true,,186,252,60,60,http://127.0.0.1:8080/seckillactivity/seckill/651/,143,0,0
1586428884156,150,秒杀请求,200,,线程组 1-3,text,true,,186,252,60,60,http://127.0.0.1:8080/seckillactivity/seckill/651/,150,0,0
1586428884158,150,秒杀请求,200,,线程组 1-23,text,true,,185,252,60,60,http://127.0.0.1:8080/seckillactivity/seckill/651/,150,0,1
1586428884158,154,秒杀请求,200,,线程组 1-20,text,true,,185,252,60,60,http://127.0.0.1:8080/seckillactivity/seckill/651/,154,0,1
1586428884157,166,秒杀请求,200,,线程组 1-10,text,true,,186,252,60,60,http://127.0.0.1:8080/seckillactivity/seckill/651/,166,0,0
1586428884159,166,秒杀请求,200,,线程组 1-13,text,true,,185,252,60,60,http://127.0.0.1:8080/seckillactivity/seckill/651/,166,0,1
1586428884156,177,秒杀请求,200,,线程组 1-7,text,true,,186,252,60,60,http://127.0.0.1:8080/seckillactivity/seckill/651/,177,0,0
1586428884159,175,秒杀请求,200,,线程组 1-22,text,true,,185,252,60,60,http://127.0.0.1:8080/seckillactivity/seckill/651/,175,0,1
1586428884156,188,秒杀请求,200,,线程组 1-9,text,true,,186,252,60,60,http://127.0.0.1:8080/seckillactivity/seckill/651/,188,0,0
1586428884156,196,秒杀请求,200,,线程组 1-2,text,true,,186,252,60,60,http://127.0.0.1:8080/seckillactivity/seckill/651/,196,0,1
1586428884156,197,秒杀请求,200,,线程组 1-5,text,true,,183,252,60,60,http://127.0.0.1:8080/seckillactivity/seckill/651/,197,0,0
1586428884159,197,秒杀请求,200,,线程组 1-15,text,true,,185,252,60,60,http://127.0.0.1:8080/seckillactivity/seckill/651/,197,0,1
1586428884163,194,秒杀请求,200,,线程组 1-34,text,true,,183,252,60,60,http://127.0.0.1:8080/seckillactivity/seckill/651/,194,0,0
1586428884162,196,秒杀请求,200,,线程组 1-28,text,true,,185,252,60,60,http://127.0.0.1:8080/seckillactivity/seckill/651/,196,0,1
1586428884170,189,秒杀请求,200,,线程组 1-52,text,true,,183,252,60,60,http://127.0.0.1:8080/seckillactivity/seckill/651/,189,0,1
1586428884170,190,秒杀请求,200,,线程组 1-57,text,true,,183,252,60,60,http://127.0.0.1:8080/seckillactivity/seckill/651/,190,0,1
1586428884162,199,秒杀请求,200,,线程组 1-29,text,true,,183,252,60,60,http://127.0.0.1:8080/seckillactivity/seckill/651/,199,0,1
1586428884170,192,秒杀请求,200,,线程组 1-48,text,true,,183,252,60,60,http://127.0.0.1:8080/seckillactivity/seckill/651/,192,0,1
1586428884171,192,秒杀请求,200,,线程组 1-54,text,true,,183,252,60,60,http://127.0.0.1:8080/seckillactivity/seckill/651/,192,0,0
1586428884168,197,秒杀请求,200,,线程组 1-46,text,true,,183,252,60,60,http://127.0.0.1:8080/seckillactivity/seckill/651/,197,0,0
1586428884170,196,秒杀请求,200,,线程组 1-40,text,true,,183,252,60,60,http://127.0.0.1:8080/seckillactivity/seckill/651/,196,0,1
1586428884165,202,秒杀请求,200,,线程组 1-37,text,true,,183,252,60,60,http://127.0.0.1:8080/seckillactivity/seckill/651/,202,0,1
1586428884171,197,秒杀请求,200,,线程组 1-59,text,true,,183,252,60,60,http://127.0.0.1:8080/seckillactivity/seckill/651/,197,0,0
1586428884164,204,秒杀请求,200,,线程组 1-39,text,true,,183,252,60,60,http://127.0.0.1:8080/seckillactivity/seckill/651/,204,0,0
1586428884162,207,秒杀请求,200,,线程组 1-26,text,true,,185,252,60,60,http://127.0.0.1:8080/seckillactivity/seckill/651/,207,0,1
1586428884170,200,秒杀请求,200,,线程组 1-53,text,true,,183,252,60,60,http://127.0.0.1:8080/seckillactivity/seckill/651/,200,0,1
1586428884170,201,秒杀请求,200,,线程组 1-49,text,true,,183,252,60,60,http://127.0.0.1:8080/seckillactivity/seckill/651/,201,0,1
1586428884170,202,秒杀请求,200,,线程组 1-56,text,true,,183,252,60,60,http://127.0.0.1:8080/seckillactivity/seckill/651/,202,0,1
1586428884164,209,秒杀请求,200,,线程组 1-55,text,true,,183,252,60,60,http://127.0.0.1:8080/seckillactivity/seckill/651/,209,0,0
1586428884165,208,秒杀请求,200,,线程组 1-42,text,true,,183,252,60,60,http://127.0.0.1:8080/seckillactivity/seckill/651/,208,0,1
1586428884164,210,秒杀请求,200,,线程组 1-36,text,true,,183,252,60,60,http://127.0.0.1:8080/seckillactivity/seckill/651/,210,0,0
1586428884164,213,秒杀请求,200,,线程组 1-31,text,true,,183,252,60,60,http://127.0.0.1:8080/seckillactivity/seckill/651/,213,0,0
1586428884161,217,秒杀请求,200,,线程组 1-27,text,true,,185,252,60,60,http://127.0.0.1:8080/seckillactivity/seckill/651/,217,0,0
1586428884171,208,秒杀请求,200,,线程组 1-50,text,true,,183,252,60,60,http://127.0.0.1:8080/seckillactivity/seckill/651/,208,0,0
1586428884165,215,秒杀请求,200,,线程组 1-41,text,true,,183,252,60,60,http://127.0.0.1:8080/seckillactivity/seckill/651/,215,0,1
1586428884162,218,秒杀请求,200,,线程组 1-25,text,true,,185,252,60,60,http://127.0.0.1:8080/seckillactivity/seckill/651/,218,0,0
1586428884164,217,秒杀请求,200,,线程组 1-35,text,true,,183,252,60,60,http://127.0.0.1:8080/seckillactivity/seckill/651/,217,0,0
1586428884170,212,秒杀请求,200,,线程组 1-58,text,true,,183,252,60,60,http://127.0.0.1:8080/seckillactivity/seckill/651/,212,0,1
1586428884165,218,秒杀请求,200,,线程组 1-38,text,true,,183,252,60,60,http://127.0.0.1:8080/seckillactivity/seckill/651/,218,0,1
1586428884164,220,秒杀请求,200,,线程组 1-30,text,true,,183,252,60,60,http://127.0.0.1:8080/seckillactivity/seckill/651/,220,0,0
1586428884165,220,秒杀请求,200,,线程组 1-32,text,true,,183,252,60,60,http://127.0.0.1:8080/seckillactivity/seckill/651/,220,0,1
1586428884161,224,秒杀请求,200,,线程组 1-24,text,true,,185,252,60,60,http://127.0.0.1:8080/seckillactivity/seckill/651/,224,0,0
1586428884168,218,秒杀请求,200,,线程组 1-47,text,true,,183,252,60,60,http://127.0.0.1:8080/seckillactivity/seckill/651/,218,0,0
1586428884162,225,秒杀请求,200,,线程组 1-33,text,true,,183,252,60,60,http://127.0.0.1:8080/seckillactivity/seckill/651/,225,0,1
1586428884161,227,秒杀请求,200,,线程组 1-18,text,true,,185,252,60,60,http://127.0.0.1:8080/seckillactivity/seckill/651/,227,0,0
1586428884161,229,秒杀请求,200,,线程组 1-17,text,true,,185,252,60,60,http://127.0.0.1:8080/seckillactivity/seckill/651/,229,0,0
1586428884166,225,秒杀请求,200,,线程组 1-45,text,true,,183,252,60,60,http://127.0.0.1:8080/seckillactivity/seckill/651/,225,0,1
1586428884170,222,秒杀请求,200,,线程组 1-51,text,true,,183,252,60,60,http://127.0.0.1:8080/seckillactivity/seckill/651/,222,0,1
1586428884165,228,秒杀请求,200,,线程组 1-43,text,true,,183,252,60,60,http://127.0.0.1:8080/seckillactivity/seckill/651/,228,0,1
1586428884165,229,秒杀请求,200,,线程组 1-44,text,true,,183,252,60,60,http://127.0.0.1:8080/seckillactivity/seckill/651/,229,0,1
1586428884161,234,秒杀请求,200,,线程组 1-14,text,true,,185,252,60,60,http://127.0.0.1:8080/seckillactivity/seckill/651/,234,0,0
1586428884171,225,秒杀请求,200,,线程组 1-60,text,true,,183,252,60,60,http://127.0.0.1:8080/seckillactivity/seckill/651/,225,0,1
1586428884257,140,秒杀请求,200,,线程组 1-21,text,true,,183,252,60,60,http://127.0.0.1:8080/seckillactivity/seckill/651/,140,0,0
1586428884258,139,秒杀请求,200,,线程组 1-16,text,true,,183,252,60,60,http://127.0.0.1:8080/seckillactivity/seckill/651/,139,0,0
1586428884267,131,秒杀请求,200,,线程组 1-4,text,true,,183,252,60,60,http://127.0.0.1:8080/seckillactivity/seckill/651/,131,0,0
1586428884268,131,秒杀请求,200,,线程组 1-19,text,true,,183,252,60,60,http://127.0.0.1:8080/seckillactivity/seckill/651/,131,0,0
1586428884269,131,秒杀请求,200,,线程组 1-12,text,true,,183,252,60,60,http://127.0.0.1:8080/seckillactivity/seckill/651/,131,0,0
1586428884279,122,秒杀请求,200,,线程组 1-6,text,true,,183,252,60,60,http://127.0.0.1:8080/seckillactivity/seckill/651/,122,0,0
1586428884287,114,秒杀请求,200,,线程组 1-1,text,true,,183,252,60,60,http://127.0.0.1:8080/seckillactivity/seckill/651/,114,0,0
1586428884289,113,秒杀请求,200,,线程组 1-11,text,true,,183,252,60,60,http://127.0.0.1:8080/seckillactivity/seckill/651/,113,0,0
1586428884299,104,秒杀请求,200,,线程组 1-8,text,true,,183,252,60,60,http://127.0.0.1:8080/seckillactivity/seckill/651/,104,0,0
1586428884307,97,秒杀请求,200,,线程组 1-3,text,true,,183,252,60,60,http://127.0.0.1:8080/seckillactivity/seckill/651/,97,0,0
1586428884308,96,秒杀请求,200,,线程组 1-23,text,true,,183,252,60,60,http://127.0.0.1:8080/seckillactivity/seckill/651/,96,0,0
1586428884312,93,秒杀请求,200,,线程组 1-20,text,true,,183,252,60,60,http://127.0.0.1:8080/seckillactivity/seckill/651/,93,0,0
1586428884323,83,秒杀请求,200,,线程组 1-10,text,true,,183,252,60,60,http://127.0.0.1:8080/seckillactivity/seckill/651/,83,0,0
1586428884325,82,秒杀请求,200,,线程组 1-13,text,true,,183,252,60,60,http://127.0.0.1:8080/seckillactivity/seckill/651/,82,0,0
1586428884333,74,秒杀请求,200,,线程组 1-7,text,true,,183,252,60,60,http://127.0.0.1:8080/seckillactivity/seckill/651/,74,0,0
1586428884335,73,秒杀请求,200,,线程组 1-22,text,true,,183,252,60,60,http://127.0.0.1:8080/seckillactivity/seckill/651/,73,0,0
1586428884344,65,秒杀请求,200,,线程组 1-9,text,true,,183,252,60,60,http://127.0.0.1:8080/seckillactivity/seckill/651/,65,0,0
1586428884352,58,秒杀请求,200,,线程组 1-2,text,true,,183,252,60,60,http://127.0.0.1:8080/seckillactivity/seckill/651/,58,0,0
1586428884353,58,秒杀请求,200,,线程组 1-5,text,true,,183,252,60,60,http://127.0.0.1:8080/seckillactivity/seckill/651/,58,0,0
1586428884356,55,秒杀请求,200,,线程组 1-15,text,true,,183,252,60,60,http://127.0.0.1:8080/seckillactivity/seckill/651/,55,0,0
1586428884357,55,秒杀请求,200,,线程组 1-34,text,true,,183,252,60,60,http://127.0.0.1:8080/seckillactivity/seckill/651/,55,0,0
1586428884358,55,秒杀请求,200,,线程组 1-28,text,true,,183,252,60,60,http://127.0.0.1:8080/seckillactivity/seckill/651/,55,0,0
1586428884359,54,秒杀请求,200,,线程组 1-52,text,true,,183,252,60,60,http://127.0.0.1:8080/seckillactivity/seckill/651/,54,0,0
1586428884360,54,秒杀请求,200,,线程组 1-57,text,true,,183,252,60,60,http://127.0.0.1:8080/seckillactivity/seckill/651/,54,0,0
1586428884361,54,秒杀请求,200,,线程组 1-29,text,true,,183,252,60,60,http://127.0.0.1:8080/seckillactivity/seckill/651/,54,0,0
1586428884362,54,秒杀请求,200,,线程组 1-48,text,true,,183,252,60,60,http://127.0.0.1:8080/seckillactivity/seckill/651/,54,0,0
1586428884363,54,秒杀请求,200,,线程组 1-54,text,true,,183,252,60,60,http://127.0.0.1:8080/seckillactivity/seckill/651/,54,0,0
1586428884365,52,秒杀请求,200,,线程组 1-46,text,true,,183,252,60,60,http://127.0.0.1:8080/seckillactivity/seckill/651/,52,0,0
1586428884366,52,秒杀请求,200,,线程组 1-40,text,true,,183,252,60,60,http://127.0.0.1:8080/seckillactivity/seckill/651/,52,0,0
1586428884367,52,秒杀请求,200,,线程组 1-37,text,true,,183,252,60,60,http://127.0.0.1:8080/seckillactivity/seckill/651/,52,0,0
1586428884368,51,秒杀请求,200,,线程组 1-59,text,true,,183,252,60,60,http://127.0.0.1:8080/seckillactivity/seckill/651/,51,0,0
1586428884369,51,秒杀请求,200,,线程组 1-39,text,true,,183,252,60,60,http://127.0.0.1:8080/seckillactivity/seckill/651/,51,0,0
1586428884369,52,秒杀请求,200,,线程组 1-26,text,true,,183,252,60,60,http://127.0.0.1:8080/seckillactivity/seckill/651/,52,0,0
1586428884370,52,秒杀请求,200,,线程组 1-53,text,true,,183,252,60,60,http://127.0.0.1:8080/seckillactivity/seckill/651/,52,0,0
1586428884371,52,秒杀请求,200,,线程组 1-49,text,true,,183,252,60,60,http://127.0.0.1:8080/seckillactivity/seckill/651/,52,0,0
1586428884422,2,秒杀请求,200,,线程组 1-53,text,true,,183,252,60,60,http://127.0.0.1:8080/seckillactivity/seckill/651/,2,0,0
1586428884372,52,秒杀请求,200,,线程组 1-56,text,true,,183,252,60,60,http://127.0.0.1:8080/seckillactivity/seckill/651/,52,0,0
1586428884373,52,秒杀请求,200,,线程组 1-55,text,true,,183,252,60,60,http://127.0.0.1:8080/seckillactivity/seckill/651/,52,0,0
1586428884374,52,秒杀请求,200,,线程组 1-42,text,true,,183,252,60,60,http://127.0.0.1:8080/seckillactivity/seckill/651/,52,0,0
1586428884374,53,秒杀请求,200,,线程组 1-36,text,true,,183,252,60,60,http://127.0.0.1:8080/seckillactivity/seckill/651/,53,0,0
1586428884377,51,秒杀请求,200,,线程组 1-31,text,true,,183,252,60,60,http://127.0.0.1:8080/seckillactivity/seckill/651/,51,0,0
1586428884378,51,秒杀请求,200,,线程组 1-27,text,true,,183,252,60,60,http://127.0.0.1:8080/seckillactivity/seckill/651/,51,0,0
1586428884379,50,秒杀请求,200,,线程组 1-50,text,true,,183,252,60,60,http://127.0.0.1:8080/seckillactivity/seckill/651/,50,0,0
1586428884380,50,秒杀请求,200,,线程组 1-41,text,true,,183,252,60,60,http://127.0.0.1:8080/seckillactivity/seckill/651/,50,0,0
1586428884381,50,秒杀请求,200,,线程组 1-25,text,true,,183,252,60,60,http://127.0.0.1:8080/seckillactivity/seckill/651/,50,0,0
1586428884381,51,秒杀请求,200,,线程组 1-35,text,true,,183,252,60,60,http://127.0.0.1:8080/seckillactivity/seckill/651/,51,0,0
1586428884382,50,秒杀请求,200,,线程组 1-58,text,true,,183,252,60,60,http://127.0.0.1:8080/seckillactivity/seckill/651/,50,0,0
1586428884383,50,秒杀请求,200,,线程组 1-38,text,true,,183,252,60,60,http://127.0.0.1:8080/seckillactivity/seckill/651/,50,0,0
1586428884384,50,秒杀请求,200,,线程组 1-30,text,true,,183,252,60,60,http://127.0.0.1:8080/seckillactivity/seckill/651/,50,0,0
1586428884385,50,秒杀请求,200,,线程组 1-32,text,true,,183,252,60,60,http://127.0.0.1:8080/seckillactivity/seckill/651/,50,0,0
1586428884385,50,秒杀请求,200,,线程组 1-24,text,true,,183,252,60,60,http://127.0.0.1:8080/seckillactivity/seckill/651/,50,0,0
1586428884386,50,秒杀请求,200,,线程组 1-47,text,true,,183,252,60,60,http://127.0.0.1:8080/seckillactivity/seckill/651/,50,0,0
1586428884387,50,秒杀请求,200,,线程组 1-33,text,true,,183,252,60,60,http://127.0.0.1:8080/seckillactivity/seckill/651/,50,0,0
1586428884388,49,秒杀请求,200,,线程组 1-18,text,true,,183,252,60,60,http://127.0.0.1:8080/seckillactivity/seckill/651/,49,0,0
1586428884390,48,秒杀请求,200,,线程组 1-17,text,true,,183,252,60,60,http://127.0.0.1:8080/seckillactivity/seckill/651/,48,0,0
1586428884393,48,秒杀请求,200,,线程组 1-43,text,true,,183,252,60,60,http://127.0.0.1:8080/seckillactivity/seckill/651/,48,0,0
1586428884394,48,秒杀请求,200,,线程组 1-44,text,true,,183,252,60,60,http://127.0.0.1:8080/seckillactivity/seckill/651/,48,0,0
1586428884392,48,秒杀请求,200,,线程组 1-51,text,true,,183,252,60,60,http://127.0.0.1:8080/seckillactivity/seckill/651/,48,0,0
1586428884391,48,秒杀请求,200,,线程组 1-45,text,true,,183,252,60,60,http://127.0.0.1:8080/seckillactivity/seckill/651/,48,0,0
1586428884395,48,秒杀请求,200,,线程组 1-14,text,true,,183,252,60,60,http://127.0.0.1:8080/seckillactivity/seckill/651/,48,0,0
1586428884396,48,秒杀请求,200,,线程组 1-60,text,true,,183,252,60,60,http://127.0.0.1:8080/seckillactivity/seckill/651/,48,0,0
1586428884397,48,秒杀请求,200,,线程组 1-21,text,true,,183,252,60,60,http://127.0.0.1:8080/seckillactivity/seckill/651/,48,0,0
1586428884397,49,秒杀请求,200,,线程组 1-16,text,true,,183,252,60,60,http://127.0.0.1:8080/seckillactivity/seckill/651/,49,0,0
1586428884398,49,秒杀请求,200,,线程组 1-4,text,true,,183,252,60,60,http://127.0.0.1:8080/seckillactivity/seckill/651/,49,0,0
1586428884399,49,秒杀请求,200,,线程组 1-19,text,true,,183,252,60,60,http://127.0.0.1:8080/seckillactivity/seckill/651/,49,0,0
1586428884400,49,秒杀请求,200,,线程组 1-12,text,true,,183,252,60,60,http://127.0.0.1:8080/seckillactivity/seckill/651/,49,0,0
1586428884401,49,秒杀请求,200,,线程组 1-6,text,true,,183,252,60,60,http://127.0.0.1:8080/seckillactivity/seckill/651/,49,0,0
1586428884402,49,秒杀请求,200,,线程组 1-1,text,true,,183,252,60,60,http://127.0.0.1:8080/seckillactivity/seckill/651/,49,0,0
1586428884402,50,秒杀请求,200,,线程组 1-11,text,true,,183,252,60,60,http://127.0.0.1:8080/seckillactivity/seckill/651/,50,0,0
1586428884403,50,秒杀请求,200,,线程组 1-8,text,true,,183,252,60,60,http://127.0.0.1:8080/seckillactivity/seckill/651/,50,0,0
1586428884404,50,秒杀请求,200,,线程组 1-3,text,true,,183,252,60,60,http://127.0.0.1:8080/seckillactivity/seckill/651/,50,0,0
1586428884405,50,秒杀请求,200,,线程组 1-23,text,true,,183,252,60,60,http://127.0.0.1:8080/seckillactivity/seckill/651/,50,0,0
1586428884405,50,秒杀请求,200,,线程组 1-20,text,true,,183,252,60,60,http://127.0.0.1:8080/seckillactivity/seckill/651/,50,0,0
1586428884406,50,秒杀请求,200,,线程组 1-10,text,true,,183,252,60,60,http://127.0.0.1:8080/seckillactivity/seckill/651/,50,0,0
1586428884407,50,秒杀请求,200,,线程组 1-13,text,true,,183,252,60,60,http://127.0.0.1:8080/seckillactivity/seckill/651/,50,0,0
1586428884408,49,秒杀请求,200,,线程组 1-7,text,true,,183,252,60,60,http://127.0.0.1:8080/seckillactivity/seckill/651/,49,0,0
1586428884408,50,秒杀请求,200,,线程组 1-22,text,true,,183,252,60,60,http://127.0.0.1:8080/seckillactivity/seckill/651/,50,0,0
1586428884409,50,秒杀请求,200,,线程组 1-9,text,true,,183,252,60,60,http://127.0.0.1:8080/seckillactivity/seckill/651/,50,0,0
1586428884410,50,秒杀请求,200,,线程组 1-2,text,true,,183,252,60,60,http://127.0.0.1:8080/seckillactivity/seckill/651/,50,0,0
1586428884411,50,秒杀请求,200,,线程组 1-5,text,true,,183,252,60,60,http://127.0.0.1:8080/seckillactivity/seckill/651/,50,0,0
1586428884411,51,秒杀请求,200,,线程组 1-15,text,true,,183,252,60,60,http://127.0.0.1:8080/seckillactivity/seckill/651/,51,0,0
1586428884412,50,秒杀请求,200,,线程组 1-34,text,true,,183,252,60,60,http://127.0.0.1:8080/seckillactivity/seckill/651/,50,0,0
1586428884413,50,秒杀请求,200,,线程组 1-28,text,true,,183,252,60,60,http://127.0.0.1:8080/seckillactivity/seckill/651/,50,0,0
1586428884413,51,秒杀请求,200,,线程组 1-52,text,true,,183,252,60,60,http://127.0.0.1:8080/seckillactivity/seckill/651/,51,0,0
1586428884414,50,秒杀请求,200,,线程组 1-57,text,true,,183,252,60,60,http://127.0.0.1:8080/seckillactivity/seckill/651/,50,0,0
1586428884415,50,秒杀请求,200,,线程组 1-29,text,true,,183,252,60,60,http://127.0.0.1:8080/seckillactivity/seckill/651/,50,0,0
1586428884416,50,秒杀请求,200,,线程组 1-48,text,true,,183,252,60,60,http://127.0.0.1:8080/seckillactivity/seckill/651/,50,0,0
1586428884417,49,秒杀请求,200,,线程组 1-54,text,true,,183,252,60,60,http://127.0.0.1:8080/seckillactivity/seckill/651/,49,0,0
1586428884417,50,秒杀请求,200,,线程组 1-46,text,true,,183,252,60,60,http://127.0.0.1:8080/seckillactivity/seckill/651/,50,0,0
1586428884418,50,秒杀请求,200,,线程组 1-40,text,true,,183,252,60,60,http://127.0.0.1:8080/seckillactivity/seckill/651/,50,0,0
1586428884419,49,秒杀请求,200,,线程组 1-37,text,true,,183,252,60,60,http://127.0.0.1:8080/seckillactivity/seckill/651/,49,0,0
1586428884420,49,秒杀请求,200,,线程组 1-59,text,true,,183,252,60,60,http://127.0.0.1:8080/seckillactivity/seckill/651/,49,0,0
1586428884420,50,秒杀请求,200,,线程组 1-39,text,true,,183,252,60,60,http://127.0.0.1:8080/seckillactivity/seckill/651/,50,0,0
1586428884421,49,秒杀请求,200,,线程组 1-26,text,true,,183,252,60,60,http://127.0.0.1:8080/seckillactivity/seckill/651/,49,0,0
1586428884423,48,秒杀请求,200,,线程组 1-49,text,true,,183,252,60,60,http://127.0.0.1:8080/seckillactivity/seckill/651/,48,0,0
1586428884424,48,秒杀请求,200,,线程组 1-53,text,true,,183,252,60,60,http://127.0.0.1:8080/seckillactivity/seckill/651/,48,0,0
1586428884425,48,秒杀请求,200,,线程组 1-56,text,true,,183,252,60,60,http://127.0.0.1:8080/seckillactivity/seckill/651/,48,0,0
1586428884425,49,秒杀请求,200,,线程组 1-55,text,true,,183,252,60,60,http://127.0.0.1:8080/seckillactivity/seckill/651/,49,0,0
1586428884426,49,秒杀请求,200,,线程组 1-42,text,true,,183,252,60,60,http://127.0.0.1:8080/seckillactivity/seckill/651/,49,0,0
1586428884427,49,秒杀请求,200,,线程组 1-36,text,true,,183,252,60,60,http://127.0.0.1:8080/seckillactivity/seckill/651/,49,0,0
1586428884428,49,秒杀请求,200,,线程组 1-31,text,true,,183,252,60,60,http://127.0.0.1:8080/seckillactivity/seckill/651/,49,0,0
1586428884429,48,秒杀请求,200,,线程组 1-27,text,true,,183,252,60,60,http://127.0.0.1:8080/seckillactivity/seckill/651/,48,0,0
1586428884429,49,秒杀请求,200,,线程组 1-50,text,true,,183,252,60,60,http://127.0.0.1:8080/seckillactivity/seckill/651/,49,0,0
1586428884430,49,秒杀请求,200,,线程组 1-41,text,true,,183,252,60,60,http://127.0.0.1:8080/seckillactivity/seckill/651/,49,0,0
1586428884431,49,秒杀请求,200,,线程组 1-25,text,true,,183,252,60,60,http://127.0.0.1:8080/seckillactivity/seckill/651/,49,0,0
1586428884432,49,秒杀请求,200,,线程组 1-35,text,true,,183,252,60,60,http://127.0.0.1:8080/seckillactivity/seckill/651/,49,0,0
1586428884432,50,秒杀请求,200,,线程组 1-58,text,true,,183,252,60,60,http://127.0.0.1:8080/seckillactivity/seckill/651/,50,0,0
1586428884433,50,秒杀请求,200,,线程组 1-38,text,true,,183,252,60,60,http://127.0.0.1:8080/seckillactivity/seckill/651/,50,0,0
1586428884434,50,秒杀请求,200,,线程组 1-30,text,true,,183,252,60,60,http://127.0.0.1:8080/seckillactivity/seckill/651/,50,0,0
1586428884435,50,秒杀请求,200,,线程组 1-32,text,true,,183,252,60,60,http://127.0.0.1:8080/seckillactivity/seckill/651/,50,0,0
1586428884435,51,秒杀请求,200,,线程组 1-24,text,true,,183,252,60,60,http://127.0.0.1:8080/seckillactivity/seckill/651/,51,0,0
1586428884436,51,秒杀请求,200,,线程组 1-47,text,true,,183,252,60,60,http://127.0.0.1:8080/seckillactivity/seckill/651/,51,0,0
1586428884437,51,秒杀请求,200,,线程组 1-33,text,true,,183,252,60,60,http://127.0.0.1:8080/seckillactivity/seckill/651/,51,0,0
1586428884437,51,秒杀请求,200,,线程组 1-18,text,true,,183,252,60,60,http://127.0.0.1:8080/seckillactivity/seckill/651/,51,0,0
1586428884488,2,秒杀请求,200,,线程组 1-33,text,true,,183,252,60,60,http://127.0.0.1:8080/seckillactivity/seckill/651/,2,0,0
1586428884438,53,秒杀请求,200,,线程组 1-17,text,true,,183,252,60,60,http://127.0.0.1:8080/seckillactivity/seckill/651/,53,0,0
1586428884443,49,秒杀请求,200,,线程组 1-14,text,true,,183,252,60,60,http://127.0.0.1:8080/seckillactivity/seckill/651/,49,0,0
1586428884442,52,秒杀请求,200,,线程组 1-45,text,true,,183,252,60,60,http://127.0.0.1:8080/seckillactivity/seckill/651/,52,0,0
1586428884442,53,秒杀请求,200,,线程组 1-43,text,true,,183,252,60,60,http://127.0.0.1:8080/seckillactivity/seckill/651/,53,0,0
1586428884442,55,秒杀请求,200,,线程组 1-44,text,true,,183,252,60,60,http://127.0.0.1:8080/seckillactivity/seckill/651/,55,0,0
1586428884442,57,秒杀请求,200,,线程组 1-51,text,true,,183,252,60,60,http://127.0.0.1:8080/seckillactivity/seckill/651/,57,0,0
1586428884444,57,秒杀请求,200,,线程组 1-60,text,true,,183,252,60,60,http://127.0.0.1:8080/seckillactivity/seckill/651/,57,0,0
1586428884499,3,秒杀请求,200,,线程组 1-51,text,true,,183,252,60,60,http://127.0.0.1:8080/seckillactivity/seckill/651/,3,0,0
1586428884445,58,秒杀请求,200,,线程组 1-21,text,true,,183,252,60,60,http://127.0.0.1:8080/seckillactivity/seckill/651/,58,0,0
1586428884446,58,秒杀请求,200,,线程组 1-16,text,true,,183,252,60,60,http://127.0.0.1:8080/seckillactivity/seckill/651/,58,0,0
1586428884447,58,秒杀请求,200,,线程组 1-4,text,true,,183,252,60,60,http://127.0.0.1:8080/seckillactivity/seckill/651/,58,0,0
1586428884448,58,秒杀请求,200,,线程组 1-19,text,true,,183,252,60,60,http://127.0.0.1:8080/seckillactivity/seckill/651/,58,0,0
1586428884449,58,秒杀请求,200,,线程组 1-12,text,true,,183,252,60,60,http://127.0.0.1:8080/seckillactivity/seckill/651/,58,0,0
1586428884450,58,秒杀请求,200,,线程组 1-6,text,true,,183,252,60,60,http://127.0.0.1:8080/seckillactivity/seckill/651/,58,0,0
1586428884451,58,秒杀请求,200,,线程组 1-1,text,true,,183,252,60,60,http://127.0.0.1:8080/seckillactivity/seckill/651/,58,0,0
1586428884508,2,秒杀请求,200,,线程组 1-6,text,true,,183,252,60,60,http://127.0.0.1:8080/seckillactivity/seckill/651/,2,0,0
1586428884452,60,秒杀请求,200,,线程组 1-11,text,true,,183,252,59,59,http://127.0.0.1:8080/seckillactivity/seckill/651/,60,0,0
1586428884453,60,秒杀请求,200,,线程组 1-8,text,true,,183,252,59,59,http://127.0.0.1:8080/seckillactivity/seckill/651/,60,0,0
1586428884454,61,秒杀请求,200,,线程组 1-3,text,true,,183,252,59,59,http://127.0.0.1:8080/seckillactivity/seckill/651/,61,0,0
1586428884455,62,秒杀请求,200,,线程组 1-23,text,true,,183,252,59,59,http://127.0.0.1:8080/seckillactivity/seckill/651/,62,0,0
1586428884455,63,秒杀请求,200,,线程组 1-20,text,true,,183,252,59,59,http://127.0.0.1:8080/seckillactivity/seckill/651/,63,0,0
1586428884456,64,秒杀请求,200,,线程组 1-10,text,true,,183,252,59,59,http://127.0.0.1:8080/seckillactivity/seckill/651/,64,0,0
1586428884457,64,秒杀请求,200,,线程组 1-13,text,true,,183,252,59,59,http://127.0.0.1:8080/seckillactivity/seckill/651/,64,0,0
1586428884458,64,秒杀请求,200,,线程组 1-7,text,true,,183,252,59,59,http://127.0.0.1:8080/seckillactivity/seckill/651/,64,0,0
1586428884459,65,秒杀请求,200,,线程组 1-22,text,true,,183,252,59,59,http://127.0.0.1:8080/seckillactivity/seckill/651/,65,0,0
1586428884460,65,秒杀请求,200,,线程组 1-9,text,true,,183,252,59,59,http://127.0.0.1:8080/seckillactivity/seckill/651/,65,0,0
1586428884524,3,秒杀请求,200,,线程组 1-22,text,true,,183,252,59,59,http://127.0.0.1:8080/seckillactivity/seckill/651/,3,0,0
1586428884460,69,秒杀请求,200,,线程组 1-2,text,true,,183,252,58,58,http://127.0.0.1:8080/seckillactivity/seckill/651/,69,0,0
1586428884461,70,秒杀请求,200,,线程组 1-5,text,true,,183,252,58,58,http://127.0.0.1:8080/seckillactivity/seckill/651/,70,0,0
1586428884462,70,秒杀请求,200,,线程组 1-15,text,true,,183,252,58,58,http://127.0.0.1:8080/seckillactivity/seckill/651/,70,0,0
1586428884462,72,秒杀请求,200,,线程组 1-34,text,true,,183,252,58,58,http://127.0.0.1:8080/seckillactivity/seckill/651/,72,0,0
1586428884463,72,秒杀请求,200,,线程组 1-28,text,true,,183,252,58,58,http://127.0.0.1:8080/seckillactivity/seckill/651/,72,0,0
1586428884464,72,秒杀请求,200,,线程组 1-52,text,true,,183,252,58,58,http://127.0.0.1:8080/seckillactivity/seckill/651/,72,0,0
1586428884464,73,秒杀请求,200,,线程组 1-57,text,true,,183,252,58,58,http://127.0.0.1:8080/seckillactivity/seckill/651/,73,0,0
1586428884465,75,秒杀请求,200,,线程组 1-29,text,true,,183,252,58,58,http://127.0.0.1:8080/seckillactivity/seckill/651/,75,0,0
1586428884466,75,秒杀请求,200,,线程组 1-48,text,true,,183,252,58,58,http://127.0.0.1:8080/seckillactivity/seckill/651/,75,0,0
1586428884466,77,秒杀请求,200,,线程组 1-54,text,true,,183,252,58,58,http://127.0.0.1:8080/seckillactivity/seckill/651/,77,0,0
1586428884467,76,秒杀请求,200,,线程组 1-46,text,true,,183,252,58,58,http://127.0.0.1:8080/seckillactivity/seckill/651/,76,0,0
1586428884468,77,秒杀请求,200,,线程组 1-40,text,true,,183,252,58,58,http://127.0.0.1:8080/seckillactivity/seckill/651/,77,0,0
1586428884468,78,秒杀请求,200,,线程组 1-37,text,true,,183,252,58,58,http://127.0.0.1:8080/seckillactivity/seckill/651/,78,0,0
1586428884469,78,秒杀请求,200,,线程组 1-59,text,true,,183,252,58,58,http://127.0.0.1:8080/seckillactivity/seckill/651/,78,0,0
1586428884470,78,秒杀请求,200,,线程组 1-39,text,true,,183,252,58,58,http://127.0.0.1:8080/seckillactivity/seckill/651/,78,0,0
1586428884470,79,秒杀请求,200,,线程组 1-26,text,true,,183,252,58,58,http://127.0.0.1:8080/seckillactivity/seckill/651/,79,0,0
1586428884471,79,秒杀请求,200,,线程组 1-49,text,true,,183,252,58,58,http://127.0.0.1:8080/seckillactivity/seckill/651/,79,0,0
1586428884549,1,秒杀请求,200,,线程组 1-26,text,true,,183,252,58,58,http://127.0.0.1:8080/seckillactivity/seckill/651/,1,0,0
1586428884472,80,秒杀请求,200,,线程组 1-53,text,true,,183,252,57,57,http://127.0.0.1:8080/seckillactivity/seckill/651/,80,0,0
1586428884473,80,秒杀请求,200,,线程组 1-56,text,true,,183,252,56,56,http://127.0.0.1:8080/seckillactivity/seckill/651/,80,0,0
1586428884474,80,秒杀请求,200,,线程组 1-55,text,true,,183,252,56,56,http://127.0.0.1:8080/seckillactivity/seckill/651/,80,0,0
1586428884475,80,秒杀请求,200,,线程组 1-42,text,true,,183,252,56,56,http://127.0.0.1:8080/seckillactivity/seckill/651/,80,0,0
1586428884476,80,秒杀请求,200,,线程组 1-36,text,true,,183,252,56,56,http://127.0.0.1:8080/seckillactivity/seckill/651/,80,0,0
1586428884477,80,秒杀请求,200,,线程组 1-31,text,true,,183,252,56,56,http://127.0.0.1:8080/seckillactivity/seckill/651/,80,0,0
1586428884478,81,秒杀请求,200,,线程组 1-27,text,true,,183,252,56,56,http://127.0.0.1:8080/seckillactivity/seckill/651/,81,0,0
1586428884478,81,秒杀请求,200,,线程组 1-50,text,true,,183,252,56,56,http://127.0.0.1:8080/seckillactivity/seckill/651/,81,0,0
1586428884479,81,秒杀请求,200,,线程组 1-41,text,true,,183,252,56,56,http://127.0.0.1:8080/seckillactivity/seckill/651/,81,0,0
1586428884480,81,秒杀请求,200,,线程组 1-25,text,true,,183,252,56,56,http://127.0.0.1:8080/seckillactivity/seckill/651/,81,0,0
1586428884481,81,秒杀请求,200,,线程组 1-35,text,true,,183,252,56,56,http://127.0.0.1:8080/seckillactivity/seckill/651/,81,0,0
1586428884482,81,秒杀请求,200,,线程组 1-58,text,true,,183,252,56,56,http://127.0.0.1:8080/seckillactivity/seckill/651/,81,0,0
1586428884483,82,秒杀请求,200,,线程组 1-38,text,true,,183,252,56,56,http://127.0.0.1:8080/seckillactivity/seckill/651/,82,0,0
1586428884484,82,秒杀请求,200,,线程组 1-30,text,true,,183,252,56,56,http://127.0.0.1:8080/seckillactivity/seckill/651/,82,0,0
1586428884485,81,秒杀请求,200,,线程组 1-32,text,true,,183,252,56,56,http://127.0.0.1:8080/seckillactivity/seckill/651/,81,0,0
1586428884486,81,秒杀请求,200,,线程组 1-24,text,true,,183,252,56,56,http://127.0.0.1:8080/seckillactivity/seckill/651/,81,0,0
1586428884487,81,秒杀请求,200,,线程组 1-47,text,true,,183,252,56,56,http://127.0.0.1:8080/seckillactivity/seckill/651/,81,0,0
1586428884489,79,秒杀请求,200,,线程组 1-18,text,true,,183,252,56,56,http://127.0.0.1:8080/seckillactivity/seckill/651/,79,0,0
1586428884490,79,秒杀请求,200,,线程组 1-33,text,true,,183,252,56,56,http://127.0.0.1:8080/seckillactivity/seckill/651/,79,0,0
1586428884491,79,秒杀请求,200,,线程组 1-17,text,true,,183,252,55,55,http://127.0.0.1:8080/seckillactivity/seckill/651/,79,0,0
1586428884492,79,秒杀请求,200,,线程组 1-14,text,true,,183,252,55,55,http://127.0.0.1:8080/seckillactivity/seckill/651/,79,0,0
1586428884494,78,秒杀请求,200,,线程组 1-45,text,true,,183,252,55,55,http://127.0.0.1:8080/seckillactivity/seckill/651/,77,0,0
1586428884496,76,秒杀请求,200,,线程组 1-43,text,true,,183,252,55,55,http://127.0.0.1:8080/seckillactivity/seckill/651/,76,0,0
1586428884497,76,秒杀请求,200,,线程组 1-44,text,true,,183,252,55,55,http://127.0.0.1:8080/seckillactivity/seckill/651/,76,0,0
1586428884501,73,秒杀请求,200,,线程组 1-60,text,true,,183,252,55,55,http://127.0.0.1:8080/seckillactivity/seckill/651/,73,0,0
1586428884502,72,秒杀请求,200,,线程组 1-51,text,true,,183,252,55,55,http://127.0.0.1:8080/seckillactivity/seckill/651/,72,0,0
1586428884503,72,秒杀请求,200,,线程组 1-21,text,true,,183,252,54,54,http://127.0.0.1:8080/seckillactivity/seckill/651/,72,0,0
1586428884504,73,秒杀请求,200,,线程组 1-16,text,true,,183,252,53,53,http://127.0.0.1:8080/seckillactivity/seckill/651/,73,0,0
1586428884505,73,秒杀请求,200,,线程组 1-4,text,true,,183,252,52,52,http://127.0.0.1:8080/seckillactivity/seckill/651/,73,0,0
1586428884506,73,秒杀请求,200,,线程组 1-19,text,true,,183,252,51,51,http://127.0.0.1:8080/seckillactivity/seckill/651/,73,0,0
1586428884507,73,秒杀请求,200,,线程组 1-12,text,true,,183,252,50,50,http://127.0.0.1:8080/seckillactivity/seckill/651/,73,0,0
1586428884509,73,秒杀请求,200,,线程组 1-1,text,true,,183,252,49,49,http://127.0.0.1:8080/seckillactivity/seckill/651/,73,0,0
1586428884512,71,秒杀请求,200,,线程组 1-11,text,true,,183,252,48,48,http://127.0.0.1:8080/seckillactivity/seckill/651/,71,0,0
1586428884513,71,秒杀请求,200,,线程组 1-8,text,true,,183,252,47,47,http://127.0.0.1:8080/seckillactivity/seckill/651/,71,0,0
1586428884515,71,秒杀请求,200,,线程组 1-3,text,true,,183,252,46,46,http://127.0.0.1:8080/seckillactivity/seckill/651/,71,0,0
1586428884517,70,秒杀请求,200,,线程组 1-23,text,true,,183,252,45,45,http://127.0.0.1:8080/seckillactivity/seckill/651/,70,0,0
1586428884518,71,秒杀请求,200,,线程组 1-20,text,true,,183,252,44,44,http://127.0.0.1:8080/seckillactivity/seckill/651/,71,0,0
1586428884520,72,秒杀请求,200,,线程组 1-10,text,true,,183,252,43,43,http://127.0.0.1:8080/seckillactivity/seckill/651/,72,0,0
1586428884521,72,秒杀请求,200,,线程组 1-13,text,true,,183,252,43,43,http://127.0.0.1:8080/seckillactivity/seckill/651/,72,0,0
1586428884525,70,秒杀请求,200,,线程组 1-9,text,true,,183,252,41,41,http://127.0.0.1:8080/seckillactivity/seckill/651/,70,0,0
1586428884522,73,秒杀请求,200,,线程组 1-7,text,true,,183,252,41,41,http://127.0.0.1:8080/seckillactivity/seckill/651/,73,0,0
1586428884529,68,秒杀请求,200,,线程组 1-2,text,true,,183,252,39,39,http://127.0.0.1:8080/seckillactivity/seckill/651/,68,0,0
1586428884531,67,秒杀请求,200,,线程组 1-5,text,true,,183,252,38,38,http://127.0.0.1:8080/seckillactivity/seckill/651/,67,0,0
1586428884533,65,秒杀请求,200,,线程组 1-15,text,true,,183,252,37,37,http://127.0.0.1:8080/seckillactivity/seckill/651/,65,0,0
1586428884534,66,秒杀请求,200,,线程组 1-34,text,true,,183,252,36,36,http://127.0.0.1:8080/seckillactivity/seckill/651/,66,0,0
1586428884535,66,秒杀请求,200,,线程组 1-28,text,true,,183,252,35,35,http://127.0.0.1:8080/seckillactivity/seckill/651/,66,0,0
1586428884536,66,秒杀请求,200,,线程组 1-52,text,true,,183,252,34,34,http://127.0.0.1:8080/seckillactivity/seckill/651/,66,0,0
1586428884537,67,秒杀请求,200,,线程组 1-57,text,true,,183,252,33,33,http://127.0.0.1:8080/seckillactivity/seckill/651/,67,0,0
1586428884540,65,秒杀请求,200,,线程组 1-29,text,true,,183,252,32,32,http://127.0.0.1:8080/seckillactivity/seckill/651/,65,0,0
1586428884541,65,秒杀请求,200,,线程组 1-48,text,true,,183,252,31,31,http://127.0.0.1:8080/seckillactivity/seckill/651/,65,0,0
1586428884543,64,秒杀请求,200,,线程组 1-54,text,true,,183,252,30,30,http://127.0.0.1:8080/seckillactivity/seckill/651/,64,0,0
1586428884544,64,秒杀请求,200,,线程组 1-46,text,true,,183,252,29,29,http://127.0.0.1:8080/seckillactivity/seckill/651/,64,0,0
1586428884545,64,秒杀请求,200,,线程组 1-40,text,true,,183,252,28,28,http://127.0.0.1:8080/seckillactivity/seckill/651/,64,0,0
1586428884546,65,秒杀请求,200,,线程组 1-37,text,true,,183,252,27,27,http://127.0.0.1:8080/seckillactivity/seckill/651/,65,0,0
1586428884547,65,秒杀请求,200,,线程组 1-59,text,true,,183,252,26,26,http://127.0.0.1:8080/seckillactivity/seckill/651/,65,0,0
1586428884548,65,秒杀请求,200,,线程组 1-39,text,true,,183,252,25,25,http://127.0.0.1:8080/seckillactivity/seckill/651/,65,0,0
1586428884550,64,秒杀请求,200,,线程组 1-49,text,true,,183,252,24,24,http://127.0.0.1:8080/seckillactivity/seckill/651/,64,0,0
1586428884553,62,秒杀请求,200,,线程组 1-56,text,true,,183,252,23,23,http://127.0.0.1:8080/seckillactivity/seckill/651/,62,0,0
1586428884554,62,秒杀请求,200,,线程组 1-55,text,true,,183,252,22,22,http://127.0.0.1:8080/seckillactivity/seckill/651/,62,0,0
1586428884555,63,秒杀请求,200,,线程组 1-42,text,true,,183,252,21,21,http://127.0.0.1:8080/seckillactivity/seckill/651/,63,0,0
1586428884556,63,秒杀请求,200,,线程组 1-36,text,true,,183,252,20,20,http://127.0.0.1:8080/seckillactivity/seckill/651/,63,0,0
1586428884557,63,秒杀请求,200,,线程组 1-31,text,true,,183,252,19,19,http://127.0.0.1:8080/seckillactivity/seckill/651/,63,0,0
1586428884559,62,秒杀请求,200,,线程组 1-27,text,true,,183,252,18,18,http://127.0.0.1:8080/seckillactivity/seckill/651/,62,0,0
1586428884560,61,秒杀请求,200,,线程组 1-50,text,true,,183,252,17,17,http://127.0.0.1:8080/seckillactivity/seckill/651/,61,0,0
1586428884560,62,秒杀请求,200,,线程组 1-41,text,true,,183,252,16,16,http://127.0.0.1:8080/seckillactivity/seckill/651/,62,0,0
1586428884561,62,秒杀请求,200,,线程组 1-25,text,true,,183,252,15,15,http://127.0.0.1:8080/seckillactivity/seckill/651/,62,0,0
1586428884562,62,秒杀请求,200,,线程组 1-35,text,true,,183,252,14,14,http://127.0.0.1:8080/seckillactivity/seckill/651/,62,0,0
1586428884563,62,秒杀请求,200,,线程组 1-58,text,true,,183,252,13,13,http://127.0.0.1:8080/seckillactivity/seckill/651/,62,0,0
1586428884565,61,秒杀请求,200,,线程组 1-38,text,true,,183,252,12,12,http://127.0.0.1:8080/seckillactivity/seckill/651/,61,0,0
1586428884566,61,秒杀请求,200,,线程组 1-30,text,true,,183,252,11,11,http://127.0.0.1:8080/seckillactivity/seckill/651/,61,0,0
1586428884566,62,秒杀请求,200,,线程组 1-32,text,true,,183,252,10,10,http://127.0.0.1:8080/seckillactivity/seckill/651/,62,0,0
1586428884567,62,秒杀请求,200,,线程组 1-24,text,true,,183,252,9,9,http://127.0.0.1:8080/seckillactivity/seckill/651/,62,0,0
1586428884568,61,秒杀请求,200,,线程组 1-47,text,true,,183,252,8,8,http://127.0.0.1:8080/seckillactivity/seckill/651/,61,0,0
1586428884568,62,秒杀请求,200,,线程组 1-18,text,true,,183,252,7,7,http://127.0.0.1:8080/seckillactivity/seckill/651/,62,0,0
1586428884570,61,秒杀请求,200,,线程组 1-17,text,true,,183,252,6,6,http://127.0.0.1:8080/seckillactivity/seckill/651/,61,0,0
1586428884571,61,秒杀请求,200,,线程组 1-14,text,true,,183,252,5,5,http://127.0.0.1:8080/seckillactivity/seckill/651/,61,0,0
1586428884572,60,秒杀请求,200,,线程组 1-45,text,true,,183,252,4,4,http://127.0.0.1:8080/seckillactivity/seckill/651/,60,0,0
1586428884573,60,秒杀请求,200,,线程组 1-43,text,true,,183,252,3,3,http://127.0.0.1:8080/seckillactivity/seckill/651/,60,0,0
1586428884573,61,秒杀请求,200,,线程组 1-44,text,true,,183,252,2,2,http://127.0.0.1:8080/seckillactivity/seckill/651/,61,0,0
1586428884574,61,秒杀请求,200,,线程组 1-60,text,true,,183,252,1,1,http://127.0.0.1:8080/seckillactivity/seckill/651/,61,0,0
